id_pedido,cliente,prazo_entrega,centro_origem,centro_destino
256109,Cliente_256109,20,CD_05,CD_13
888009,Cliente_888009,12,CD_01,CD_05
965263,Cliente_965263,15,CD_01,CD_14
860249,Cliente_860249,28,CD_08,CD_03
400636,Cliente_400636,15,CD_08,CD_06
783822,Cliente_783822,11,CD_00,CD_15
943330,Cliente_943330,10,CD_20,CD_14
371233,Cliente_371233,5,CD_19,CD_17
259351,Cliente_259351,1,CD_17,CD_02
776196,Cliente_776196,22,CD_06,CD_13
620377,Cliente_620377,29,CD_19,CD_03
561422,Cliente_561422,28,CD_16,CD_07
140898,Cliente_140898,8,CD_11,CD_15
800624,Cliente_800624,23,CD_01,CD_17
746475,Cliente_746475,30,CD_01,CD_17
279862,Cliente_279862,7,CD_00,CD_06
898595,Cliente_898595,18,CD_15,CD_01
483077,Cliente_483077,8,CD_07,CD_06
831923,Cliente_831923,11,CD_20,CD_02
319004,Cliente_319004,22,CD_15,CD_02
934274,Cliente_934274,19,CD_08,CD_14
935701,Cliente_935701,7,CD_00,CD_01
308717,Cliente_308717,14,CD_07,CD_08
862690,Cliente_862690,30,CD_07,CD_02
402187,Cliente_402187,1,CD_10,CD_19
492754,Cliente_492754,17,CD_20,CD_03
108465,Cliente_108465,4,CD_02,CD_05
453771,Cliente_453771,28,CD_20,CD_07
791977,Cliente_791977,2,CD_14,CD_01
816911,Cliente_816911,21,CD_09,CD_17
898619,Cliente_898619,23,CD_20,CD_00
532089,Cliente_532089,7,CD_10,CD_06
12390,Cliente_12390,4,CD_04,CD_18
220863,Cliente_220863,24,CD_02,CD_08
557732,Cliente_557732,30,CD_15,CD_08
663151,Cliente_663151,11,CD_06,CD_03
955755,Cliente_955755,14,CD_06,CD_19
181683,Cliente_181683,6,CD_09,CD_12
301801,Cliente_301801,29,CD_07,CD_17
579535,Cliente_579535,25,CD_17,CD_19
368389,Cliente_368389,1,CD_17,CD_06
954847,Cliente_954847,15,CD_08,CD_19
954658,Cliente_954658,25,CD_19,CD_11
301836,Cliente_301836,12,CD_05,CD_01
823496,Cliente_823496,10,CD_09,CD_05
421758,Cliente_421758,2,CD_10,CD_05
166505,Cliente_166505,29,CD_19,CD_18
856803,Cliente_856803,6,CD_08,CD_20
92568,Cliente_92568,30,CD_07,CD_19
256284,Cliente_256284,30,CD_19,CD_12
145433,Cliente_145433,30,CD_00,CD_01
479265,Cliente_479265,20,CD_11,CD_14
949346,Cliente_949346,12,CD_05,CD_03
298743,Cliente_298743,7,CD_09,CD_01
921371,Cliente_921371,5,CD_17,CD_14
250040,Cliente_250040,23,CD_01,CD_08
488734,Cliente_488734,13,CD_14,CD_19
643407,Cliente_643407,16,CD_08,CD_07
488246,Cliente_488246,29,CD_13,CD_08
638712,Cliente_638712,18,CD_19,CD_11
382052,Cliente_382052,7,CD_02,CD_18
743492,Cliente_743492,27,CD_15,CD_06
483989,Cliente_483989,24,CD_12,CD_14
256594,Cliente_256594,16,CD_00,CD_10
657004,Cliente_657004,2,CD_06,CD_08
621039,Cliente_621039,15,CD_00,CD_20
729514,Cliente_729514,30,CD_06,CD_15
556039,Cliente_556039,1,CD_06,CD_07
129884,Cliente_129884,11,CD_09,CD_13
482710,Cliente_482710,20,CD_19,CD_07
37443,Cliente_37443,15,CD_06,CD_01
718458,Cliente_718458,8,CD_04,CD_12
142247,Cliente_142247,16,CD_13,CD_20
692727,Cliente_692727,8,CD_16,CD_02
134300,Cliente_134300,19,CD_10,CD_05
155389,Cliente_155389,10,CD_08,CD_05
3722,Cliente_3722,24,CD_04,CD_08
107972,Cliente_107972,12,CD_17,CD_15
776784,Cliente_776784,17,CD_13,CD_00
61393,Cliente_61393,15,CD_07,CD_14
812546,Cliente_812546,12,CD_14,CD_19
681498,Cliente_681498,20,CD_19,CD_06
698059,Cliente_698059,22,CD_09,CD_15
183908,Cliente_183908,24,CD_09,CD_19
724630,Cliente_724630,16,CD_17,CD_01
336659,Cliente_336659,1,CD_05,CD_03
435282,Cliente_435282,2,CD_10,CD_12
50736,Cliente_50736,23,CD_12,CD_05
105264,Cliente_105264,11,CD_02,CD_03
997923,Cliente_997923,16,CD_06,CD_13
420899,Cliente_420899,27,CD_20,CD_14
787961,Cliente_787961,20,CD_19,CD_02
17822,Cliente_17822,13,CD_19,CD_04
342047,Cliente_342047,16,CD_02,CD_12
330009,Cliente_330009,18,CD_05,CD_12
34916,Cliente_34916,23,CD_15,CD_00
497804,Cliente_497804,19,CD_03,CD_09
118459,Cliente_118459,5,CD_12,CD_09
865778,Cliente_865778,26,CD_07,CD_20
566006,Cliente_566006,16,CD_12,CD_04
850695,Cliente_850695,3,CD_00,CD_12
161611,Cliente_161611,17,CD_20,CD_00
486922,Cliente_486922,17,CD_01,CD_19
80850,Cliente_80850,29,CD_12,CD_14
995195,Cliente_995195,14,CD_14,CD_13
782085,Cliente_782085,1,CD_08,CD_12
534301,Cliente_534301,28,CD_12,CD_16
710143,Cliente_710143,7,CD_07,CD_19
731195,Cliente_731195,7,CD_04,CD_13
777888,Cliente_777888,20,CD_12,CD_08
174982,Cliente_174982,2,CD_13,CD_17
36025,Cliente_36025,15,CD_17,CD_16
320521,Cliente_320521,10,CD_14,CD_13
755657,Cliente_755657,29,CD_00,CD_16
544548,Cliente_544548,15,CD_19,CD_13
326615,Cliente_326615,27,CD_00,CD_18
88462,Cliente_88462,16,CD_10,CD_16
366367,Cliente_366367,10,CD_06,CD_15
34913,Cliente_34913,19,CD_20,CD_13
507815,Cliente_507815,2,CD_01,CD_05
512706,Cliente_512706,9,CD_05,CD_19
139876,Cliente_139876,5,CD_13,CD_10
455032,Cliente_455032,17,CD_17,CD_20
915990,Cliente_915990,22,CD_10,CD_15
86610,Cliente_86610,19,CD_11,CD_06
963439,Cliente_963439,18,CD_12,CD_06
552241,Cliente_552241,19,CD_00,CD_09
350864,Cliente_350864,13,CD_17,CD_01
610568,Cliente_610568,8,CD_12,CD_09
799054,Cliente_799054,16,CD_00,CD_02
65693,Cliente_65693,3,CD_11,CD_15
429037,Cliente_429037,29,CD_00,CD_01
512543,Cliente_512543,25,CD_12,CD_02
924911,Cliente_924911,3,CD_19,CD_11
54433,Cliente_54433,23,CD_09,CD_15
128640,Cliente_128640,25,CD_11,CD_20
2238,Cliente_2238,18,CD_01,CD_08
860653,Cliente_860653,5,CD_11,CD_20
707883,Cliente_707883,7,CD_03,CD_07
254760,Cliente_254760,19,CD_16,CD_15
908550,Cliente_908550,6,CD_06,CD_14
305945,Cliente_305945,12,CD_05,CD_20
574669,Cliente_574669,27,CD_10,CD_07
65191,Cliente_65191,27,CD_20,CD_02
469924,Cliente_469924,11,CD_07,CD_12
933821,Cliente_933821,25,CD_02,CD_20
201548,Cliente_201548,15,CD_05,CD_00
765192,Cliente_765192,16,CD_08,CD_13
584685,Cliente_584685,16,CD_15,CD_09
812023,Cliente_812023,1,CD_18,CD_15
742348,Cliente_742348,10,CD_14,CD_05
797625,Cliente_797625,28,CD_11,CD_03
384213,Cliente_384213,7,CD_14,CD_13
906882,Cliente_906882,23,CD_09,CD_06
381777,Cliente_381777,15,CD_13,CD_16
718149,Cliente_718149,24,CD_10,CD_04
909104,Cliente_909104,22,CD_09,CD_01
97658,Cliente_97658,10,CD_03,CD_16
117633,Cliente_117633,5,CD_11,CD_03
484890,Cliente_484890,7,CD_17,CD_06
836084,Cliente_836084,11,CD_04,CD_11
342877,Cliente_342877,25,CD_00,CD_17
772383,Cliente_772383,30,CD_12,CD_11
535234,Cliente_535234,9,CD_19,CD_11
536309,Cliente_536309,27,CD_01,CD_13
199239,Cliente_199239,16,CD_03,CD_01
87518,Cliente_87518,25,CD_18,CD_19
355901,Cliente_355901,8,CD_15,CD_06
912779,Cliente_912779,16,CD_07,CD_09
224419,Cliente_224419,26,CD_15,CD_19
935337,Cliente_935337,21,CD_07,CD_00
879387,Cliente_879387,15,CD_16,CD_11
632399,Cliente_632399,18,CD_01,CD_12
826063,Cliente_826063,8,CD_17,CD_07
256397,Cliente_256397,30,CD_15,CD_05
658885,Cliente_658885,15,CD_15,CD_14
490670,Cliente_490670,26,CD_11,CD_05
355676,Cliente_355676,7,CD_05,CD_17
714741,Cliente_714741,22,CD_19,CD_10
100621,Cliente_100621,22,CD_15,CD_03
760481,Cliente_760481,20,CD_06,CD_10
340973,Cliente_340973,30,CD_06,CD_11
470570,Cliente_470570,8,CD_19,CD_18
217064,Cliente_217064,20,CD_15,CD_05
636035,Cliente_636035,28,CD_03,CD_15
184773,Cliente_184773,17,CD_19,CD_07
244888,Cliente_244888,2,CD_07,CD_04
216018,Cliente_216018,27,CD_14,CD_20
943195,Cliente_943195,27,CD_06,CD_19
211698,Cliente_211698,29,CD_07,CD_13
683594,Cliente_683594,30,CD_17,CD_12
724818,Cliente_724818,1,CD_10,CD_11
17311,Cliente_17311,3,CD_03,CD_00
881132,Cliente_881132,11,CD_18,CD_09
211550,Cliente_211550,4,CD_08,CD_16
976178,Cliente_976178,16,CD_03,CD_20
910315,Cliente_910315,29,CD_07,CD_14
180575,Cliente_180575,9,CD_07,CD_15
809546,Cliente_809546,29,CD_04,CD_08
72745,Cliente_72745,13,CD_14,CD_12
194058,Cliente_194058,22,CD_08,CD_03
205901,Cliente_205901,30,CD_00,CD_05
872624,Cliente_872624,3,CD_17,CD_04
996545,Cliente_996545,30,CD_01,CD_13
274222,Cliente_274222,18,CD_12,CD_08
530488,Cliente_530488,3,CD_10,CD_13
768134,Cliente_768134,10,CD_19,CD_12
994710,Cliente_994710,15,CD_15,CD_16
818510,Cliente_818510,7,CD_16,CD_18
429745,Cliente_429745,9,CD_15,CD_00
900333,Cliente_900333,24,CD_14,CD_05
38417,Cliente_38417,27,CD_07,CD_13
26203,Cliente_26203,13,CD_03,CD_15
295008,Cliente_295008,25,CD_04,CD_00
599552,Cliente_599552,21,CD_16,CD_19
284340,Cliente_284340,6,CD_08,CD_11
193837,Cliente_193837,7,CD_04,CD_03
188366,Cliente_188366,8,CD_00,CD_16
336388,Cliente_336388,10,CD_08,CD_15
648253,Cliente_648253,2,CD_00,CD_09
805792,Cliente_805792,21,CD_18,CD_01
751881,Cliente_751881,16,CD_16,CD_11
754608,Cliente_754608,27,CD_08,CD_07
390315,Cliente_390315,27,CD_16,CD_10
949770,Cliente_949770,23,CD_13,CD_07
61920,Cliente_61920,27,CD_17,CD_20
5665,Cliente_5665,10,CD_20,CD_09
510759,Cliente_510759,14,CD_03,CD_07
20623,Cliente_20623,28,CD_14,CD_12
479168,Cliente_479168,30,CD_05,CD_10
45387,Cliente_45387,1,CD_07,CD_01
746526,Cliente_746526,27,CD_12,CD_06
26358,Cliente_26358,23,CD_03,CD_17
956596,Cliente_956596,15,CD_00,CD_07
903000,Cliente_903000,21,CD_10,CD_17
236241,Cliente_236241,11,CD_09,CD_10
361468,Cliente_361468,21,CD_01,CD_03
168890,Cliente_168890,28,CD_07,CD_14
595628,Cliente_595628,25,CD_12,CD_00
712451,Cliente_712451,4,CD_00,CD_18
466833,Cliente_466833,26,CD_18,CD_12
849389,Cliente_849389,10,CD_00,CD_11
686313,Cliente_686313,19,CD_01,CD_18
909448,Cliente_909448,20,CD_11,CD_19
950768,Cliente_950768,20,CD_16,CD_18
592510,Cliente_592510,2,CD_01,CD_05
738740,Cliente_738740,1,CD_11,CD_19
402638,Cliente_402638,18,CD_19,CD_05
139826,Cliente_139826,2,CD_13,CD_10
801157,Cliente_801157,4,CD_09,CD_00
622618,Cliente_622618,26,CD_11,CD_01
904901,Cliente_904901,20,CD_00,CD_08
407438,Cliente_407438,27,CD_15,CD_09
252114,Cliente_252114,2,CD_10,CD_12
583705,Cliente_583705,17,CD_06,CD_03
425230,Cliente_425230,19,CD_07,CD_02
200959,Cliente_200959,22,CD_05,CD_15
125392,Cliente_125392,29,CD_15,CD_04
738310,Cliente_738310,14,CD_16,CD_14
674995,Cliente_674995,10,CD_12,CD_04
173114,Cliente_173114,5,CD_03,CD_08
429758,Cliente_429758,11,CD_14,CD_01
53024,Cliente_53024,28,CD_06,CD_04
212065,Cliente_212065,15,CD_06,CD_01
99723,Cliente_99723,6,CD_09,CD_05
413518,Cliente_413518,13,CD_17,CD_03
486288,Cliente_486288,15,CD_09,CD_12
121932,Cliente_121932,20,CD_02,CD_15
319766,Cliente_319766,19,CD_08,CD_17
363068,Cliente_363068,12,CD_18,CD_03
170697,Cliente_170697,7,CD_03,CD_10
195235,Cliente_195235,8,CD_05,CD_20
168148,Cliente_168148,5,CD_03,CD_20
309797,Cliente_309797,24,CD_02,CD_01
816934,Cliente_816934,26,CD_14,CD_12
478347,Cliente_478347,8,CD_15,CD_05
804081,Cliente_804081,15,CD_03,CD_02
991102,Cliente_991102,18,CD_13,CD_17
193637,Cliente_193637,27,CD_17,CD_10
134409,Cliente_134409,4,CD_05,CD_17
26745,Cliente_26745,27,CD_15,CD_13
416282,Cliente_416282,25,CD_05,CD_19
919074,Cliente_919074,2,CD_19,CD_06
373376,Cliente_373376,17,CD_00,CD_06
752794,Cliente_752794,11,CD_05,CD_04
668142,Cliente_668142,17,CD_17,CD_09
552858,Cliente_552858,4,CD_17,CD_09
719863,Cliente_719863,25,CD_20,CD_12
494431,Cliente_494431,6,CD_08,CD_07
758863,Cliente_758863,8,CD_10,CD_00
344872,Cliente_344872,1,CD_04,CD_19
426064,Cliente_426064,19,CD_04,CD_19
441397,Cliente_441397,16,CD_02,CD_16
775985,Cliente_775985,8,CD_08,CD_14
7241,Cliente_7241,30,CD_09,CD_07
282832,Cliente_282832,30,CD_18,CD_11
228649,Cliente_228649,13,CD_05,CD_03
432170,Cliente_432170,16,CD_20,CD_02
993883,Cliente_993883,9,CD_16,CD_09
279364,Cliente_279364,3,CD_09,CD_10
97577,Cliente_97577,19,CD_14,CD_16
866628,Cliente_866628,6,CD_00,CD_03
426298,Cliente_426298,2,CD_01,CD_03
169023,Cliente_169023,29,CD_09,CD_20
198329,Cliente_198329,16,CD_04,CD_19
783539,Cliente_783539,24,CD_19,CD_08
95162,Cliente_95162,23,CD_08,CD_02
136472,Cliente_136472,19,CD_20,CD_05
295274,Cliente_295274,10,CD_19,CD_09
747168,Cliente_747168,30,CD_01,CD_00
134993,Cliente_134993,24,CD_05,CD_19
923705,Cliente_923705,14,CD_16,CD_13
485712,Cliente_485712,4,CD_06,CD_14
588743,Cliente_588743,23,CD_17,CD_06
840098,Cliente_840098,17,CD_18,CD_02
482733,Cliente_482733,27,CD_02,CD_19
340124,Cliente_340124,4,CD_11,CD_16
67587,Cliente_67587,7,CD_01,CD_11
397614,Cliente_397614,16,CD_09,CD_08
483998,Cliente_483998,5,CD_19,CD_06
632097,Cliente_632097,28,CD_16,CD_17
87052,Cliente_87052,28,CD_06,CD_00
448472,Cliente_448472,17,CD_17,CD_18
706007,Cliente_706007,26,CD_03,CD_08
713937,Cliente_713937,7,CD_17,CD_12
884543,Cliente_884543,6,CD_12,CD_03
836579,Cliente_836579,10,CD_20,CD_13
355074,Cliente_355074,7,CD_04,CD_07
289984,Cliente_289984,15,CD_08,CD_01
287833,Cliente_287833,3,CD_02,CD_17
99391,Cliente_99391,29,CD_03,CD_11
739971,Cliente_739971,5,CD_09,CD_19
451100,Cliente_451100,30,CD_18,CD_12
218520,Cliente_218520,8,CD_03,CD_10
660077,Cliente_660077,7,CD_00,CD_05
436206,Cliente_436206,27,CD_03,CD_02
601689,Cliente_601689,25,CD_15,CD_06
574477,Cliente_574477,13,CD_18,CD_13
905497,Cliente_905497,27,CD_02,CD_10
297967,Cliente_297967,27,CD_11,CD_20
483063,Cliente_483063,17,CD_19,CD_18
338624,Cliente_338624,30,CD_07,CD_05
953041,Cliente_953041,9,CD_02,CD_07
359710,Cliente_359710,19,CD_09,CD_10
42774,Cliente_42774,17,CD_08,CD_14
163353,Cliente_163353,12,CD_02,CD_15
588679,Cliente_588679,16,CD_15,CD_03
39668,Cliente_39668,30,CD_10,CD_08
154871,Cliente_154871,29,CD_14,CD_17
44897,Cliente_44897,6,CD_12,CD_01
755915,Cliente_755915,20,CD_04,CD_00
693385,Cliente_693385,5,CD_06,CD_18
431675,Cliente_431675,27,CD_00,CD_19
781121,Cliente_781121,19,CD_02,CD_12
655438,Cliente_655438,22,CD_08,CD_14
366166,Cliente_366166,10,CD_20,CD_08
552673,Cliente_552673,8,CD_14,CD_19
610817,Cliente_610817,12,CD_06,CD_19
711520,Cliente_711520,5,CD_09,CD_01
701875,Cliente_701875,30,CD_03,CD_12
682396,Cliente_682396,9,CD_09,CD_05
326606,Cliente_326606,25,CD_16,CD_19
312377,Cliente_312377,11,CD_00,CD_11
149675,Cliente_149675,16,CD_03,CD_18
797887,Cliente_797887,25,CD_10,CD_16
196524,Cliente_196524,7,CD_01,CD_06
167143,Cliente_167143,28,CD_16,CD_13
802038,Cliente_802038,1,CD_10,CD_02
489037,Cliente_489037,22,CD_13,CD_05
645467,Cliente_645467,23,CD_17,CD_06
152112,Cliente_152112,17,CD_02,CD_05
101268,Cliente_101268,10,CD_10,CD_04
682266,Cliente_682266,7,CD_10,CD_04
499362,Cliente_499362,12,CD_15,CD_16
229240,Cliente_229240,13,CD_15,CD_17
993881,Cliente_993881,17,CD_10,CD_16
613526,Cliente_613526,12,CD_20,CD_17
355282,Cliente_355282,18,CD_05,CD_07
162597,Cliente_162597,11,CD_08,CD_04
858659,Cliente_858659,19,CD_07,CD_17
778807,Cliente_778807,5,CD_14,CD_00
361896,Cliente_361896,7,CD_04,CD_09
178686,Cliente_178686,1,CD_14,CD_10
861885,Cliente_861885,7,CD_01,CD_10
613923,Cliente_613923,7,CD_02,CD_00
899972,Cliente_899972,28,CD_07,CD_17
618387,Cliente_618387,23,CD_14,CD_05
696379,Cliente_696379,13,CD_00,CD_16
325633,Cliente_325633,23,CD_17,CD_02
145169,Cliente_145169,8,CD_16,CD_05
447845,Cliente_447845,14,CD_07,CD_17
210707,Cliente_210707,30,CD_18,CD_10
420224,Cliente_420224,9,CD_20,CD_11
887154,Cliente_887154,29,CD_20,CD_08
512195,Cliente_512195,13,CD_12,CD_17
878322,Cliente_878322,23,CD_05,CD_11
624980,Cliente_624980,14,CD_20,CD_11
118888,Cliente_118888,12,CD_18,CD_06
235399,Cliente_235399,22,CD_07,CD_10
83834,Cliente_83834,5,CD_03,CD_00
205798,Cliente_205798,26,CD_14,CD_18
358178,Cliente_358178,22,CD_18,CD_16
614697,Cliente_614697,9,CD_04,CD_19
50475,Cliente_50475,12,CD_06,CD_03
762686,Cliente_762686,26,CD_05,CD_16
260146,Cliente_260146,23,CD_07,CD_04
127809,Cliente_127809,3,CD_08,CD_01
556069,Cliente_556069,2,CD_07,CD_16
130161,Cliente_130161,25,CD_10,CD_18
216381,Cliente_216381,21,CD_04,CD_01
622713,Cliente_622713,3,CD_18,CD_20
186607,Cliente_186607,23,CD_08,CD_10
22882,Cliente_22882,29,CD_04,CD_12
996406,Cliente_996406,23,CD_06,CD_20
347583,Cliente_347583,6,CD_02,CD_20
348132,Cliente_348132,22,CD_19,CD_12
533936,Cliente_533936,9,CD_19,CD_04
604533,Cliente_604533,11,CD_12,CD_11
813853,Cliente_813853,29,CD_20,CD_13
227790,Cliente_227790,23,CD_02,CD_19
732985,Cliente_732985,1,CD_00,CD_09
406545,Cliente_406545,28,CD_15,CD_00
706550,Cliente_706550,8,CD_11,CD_06
325692,Cliente_325692,1,CD_18,CD_01
260028,Cliente_260028,11,CD_07,CD_01
176806,Cliente_176806,13,CD_10,CD_15
643584,Cliente_643584,16,CD_04,CD_12
137487,Cliente_137487,18,CD_02,CD_17
912846,Cliente_912846,25,CD_08,CD_07
748315,Cliente_748315,5,CD_02,CD_11
239025,Cliente_239025,4,CD_10,CD_02
492560,Cliente_492560,22,CD_03,CD_13
213497,Cliente_213497,16,CD_11,CD_02
628565,Cliente_628565,28,CD_20,CD_15
88630,Cliente_88630,16,CD_04,CD_01
384309,Cliente_384309,9,CD_14,CD_12
26297,Cliente_26297,27,CD_14,CD_03
935170,Cliente_935170,13,CD_00,CD_11
706018,Cliente_706018,3,CD_11,CD_07
172904,Cliente_172904,24,CD_08,CD_04
774694,Cliente_774694,3,CD_17,CD_16
757433,Cliente_757433,3,CD_17,CD_19
766629,Cliente_766629,4,CD_14,CD_17
488718,Cliente_488718,20,CD_03,CD_13
601169,Cliente_601169,5,CD_06,CD_00
514877,Cliente_514877,7,CD_10,CD_13
695217,Cliente_695217,23,CD_08,CD_02
36883,Cliente_36883,11,CD_09,CD_03
244074,Cliente_244074,9,CD_15,CD_01
926155,Cliente_926155,23,CD_08,CD_06
890117,Cliente_890117,10,CD_19,CD_07
986604,Cliente_986604,28,CD_07,CD_02
321975,Cliente_321975,1,CD_20,CD_08
89574,Cliente_89574,9,CD_09,CD_12
879192,Cliente_879192,30,CD_18,CD_14
476601,Cliente_476601,1,CD_05,CD_03
745112,Cliente_745112,23,CD_00,CD_03
14230,Cliente_14230,11,CD_08,CD_15
508538,Cliente_508538,8,CD_13,CD_07
417570,Cliente_417570,30,CD_03,CD_16
66196,Cliente_66196,30,CD_09,CD_02
220915,Cliente_220915,12,CD_13,CD_16
207053,Cliente_207053,24,CD_19,CD_02
893841,Cliente_893841,23,CD_11,CD_09
294174,Cliente_294174,21,CD_09,CD_20
120182,Cliente_120182,10,CD_15,CD_06
676241,Cliente_676241,10,CD_02,CD_11
464727,Cliente_464727,1,CD_19,CD_06
896479,Cliente_896479,10,CD_10,CD_18
941716,Cliente_941716,13,CD_01,CD_15
462760,Cliente_462760,4,CD_19,CD_12
471263,Cliente_471263,24,CD_02,CD_01
239226,Cliente_239226,10,CD_12,CD_07
487418,Cliente_487418,22,CD_02,CD_12
554643,Cliente_554643,11,CD_10,CD_16
673007,Cliente_673007,26,CD_09,CD_05
820827,Cliente_820827,12,CD_15,CD_04
360082,Cliente_360082,22,CD_10,CD_17
199268,Cliente_199268,6,CD_15,CD_08
322307,Cliente_322307,27,CD_06,CD_19
283306,Cliente_283306,14,CD_08,CD_16
250027,Cliente_250027,22,CD_14,CD_09
667504,Cliente_667504,13,CD_19,CD_13
540968,Cliente_540968,20,CD_13,CD_14
793972,Cliente_793972,15,CD_05,CD_18
264528,Cliente_264528,22,CD_15,CD_04
701416,Cliente_701416,30,CD_12,CD_14
407967,Cliente_407967,8,CD_00,CD_19
822765,Cliente_822765,15,CD_09,CD_19
465888,Cliente_465888,8,CD_02,CD_10
675139,Cliente_675139,9,CD_05,CD_17
894172,Cliente_894172,5,CD_13,CD_04
185422,Cliente_185422,29,CD_17,CD_12
827487,Cliente_827487,3,CD_13,CD_12
696148,Cliente_696148,16,CD_16,CD_13
447033,Cliente_447033,28,CD_03,CD_11
550653,Cliente_550653,16,CD_20,CD_11
798969,Cliente_798969,11,CD_12,CD_16
901009,Cliente_901009,30,CD_02,CD_08
854835,Cliente_854835,12,CD_04,CD_11
955069,Cliente_955069,12,CD_08,CD_14
717051,Cliente_717051,11,CD_06,CD_10
125198,Cliente_125198,12,CD_05,CD_06
724904,Cliente_724904,23,CD_04,CD_07
793139,Cliente_793139,1,CD_14,CD_08
771409,Cliente_771409,12,CD_18,CD_06
310014,Cliente_310014,12,CD_06,CD_11
731282,Cliente_731282,30,CD_05,CD_03
264995,Cliente_264995,25,CD_02,CD_19
924232,Cliente_924232,6,CD_08,CD_12
175032,Cliente_175032,23,CD_17,CD_20
995984,Cliente_995984,16,CD_10,CD_03
246003,Cliente_246003,7,CD_07,CD_19
33932,Cliente_33932,23,CD_00,CD_09
784367,Cliente_784367,3,CD_13,CD_11
668381,Cliente_668381,10,CD_01,CD_05
994662,Cliente_994662,21,CD_04,CD_05
395625,Cliente_395625,14,CD_09,CD_05
695287,Cliente_695287,26,CD_11,CD_03
70294,Cliente_70294,21,CD_02,CD_18
633505,Cliente_633505,14,CD_11,CD_09
174349,Cliente_174349,22,CD_04,CD_06
608326,Cliente_608326,16,CD_02,CD_07
631415,Cliente_631415,16,CD_05,CD_13
495977,Cliente_495977,9,CD_02,CD_17
620035,Cliente_620035,19,CD_20,CD_02
530991,Cliente_530991,4,CD_16,CD_07
593629,Cliente_593629,21,CD_18,CD_00
335905,Cliente_335905,23,CD_17,CD_13
445560,Cliente_445560,3,CD_16,CD_08
501608,Cliente_501608,5,CD_12,CD_06
32453,Cliente_32453,25,CD_15,CD_08
45071,Cliente_45071,2,CD_05,CD_01
933305,Cliente_933305,21,CD_18,CD_07
725317,Cliente_725317,22,CD_04,CD_17
79498,Cliente_79498,24,CD_18,CD_19
453784,Cliente_453784,21,CD_06,CD_10
762546,Cliente_762546,12,CD_10,CD_03
975994,Cliente_975994,12,CD_12,CD_18
86954,Cliente_86954,26,CD_08,CD_16
569086,Cliente_569086,12,CD_20,CD_08
61168,Cliente_61168,17,CD_12,CD_04
596315,Cliente_596315,6,CD_06,CD_16
967361,Cliente_967361,19,CD_20,CD_18
214504,Cliente_214504,17,CD_01,CD_18
629447,Cliente_629447,18,CD_15,CD_07
923572,Cliente_923572,3,CD_20,CD_01
434526,Cliente_434526,21,CD_12,CD_02
698034,Cliente_698034,23,CD_09,CD_16
366020,Cliente_366020,21,CD_07,CD_09
481816,Cliente_481816,8,CD_13,CD_03
631653,Cliente_631653,19,CD_12,CD_19
841500,Cliente_841500,9,CD_02,CD_01
477969,Cliente_477969,8,CD_07,CD_06
624622,Cliente_624622,2,CD_08,CD_01
295948,Cliente_295948,5,CD_07,CD_04
892424,Cliente_892424,26,CD_12,CD_20
150543,Cliente_150543,30,CD_17,CD_02
443405,Cliente_443405,8,CD_07,CD_05
919339,Cliente_919339,16,CD_09,CD_01
830824,Cliente_830824,27,CD_09,CD_19
426067,Cliente_426067,7,CD_20,CD_04
632802,Cliente_632802,11,CD_13,CD_10
395187,Cliente_395187,9,CD_14,CD_17
513756,Cliente_513756,23,CD_13,CD_01
155312,Cliente_155312,12,CD_06,CD_13
633233,Cliente_633233,2,CD_16,CD_08
636333,Cliente_636333,26,CD_14,CD_01
550615,Cliente_550615,23,CD_00,CD_06
520386,Cliente_520386,9,CD_04,CD_12
264348,Cliente_264348,23,CD_17,CD_01
331845,Cliente_331845,21,CD_14,CD_04
928042,Cliente_928042,30,CD_09,CD_10
750018,Cliente_750018,15,CD_13,CD_03
750117,Cliente_750117,17,CD_02,CD_03
565828,Cliente_565828,20,CD_17,CD_04
479470,Cliente_479470,18,CD_20,CD_04
702285,Cliente_702285,18,CD_06,CD_18
711310,Cliente_711310,29,CD_10,CD_04
133025,Cliente_133025,14,CD_08,CD_18
43462,Cliente_43462,24,CD_07,CD_00
574605,Cliente_574605,18,CD_18,CD_13
59884,Cliente_59884,12,CD_10,CD_04
673631,Cliente_673631,8,CD_03,CD_02
568733,Cliente_568733,15,CD_01,CD_11
517080,Cliente_517080,23,CD_18,CD_03
31839,Cliente_31839,12,CD_18,CD_02
275043,Cliente_275043,3,CD_00,CD_19
653079,Cliente_653079,17,CD_17,CD_15
700208,Cliente_700208,29,CD_04,CD_08
615884,Cliente_615884,30,CD_11,CD_01
578543,Cliente_578543,12,CD_09,CD_05
375720,Cliente_375720,23,CD_06,CD_04
874130,Cliente_874130,23,CD_08,CD_03
246902,Cliente_246902,26,CD_12,CD_18
67406,Cliente_67406,28,CD_00,CD_16
569700,Cliente_569700,14,CD_10,CD_02
878297,Cliente_878297,18,CD_05,CD_20
544466,Cliente_544466,6,CD_14,CD_08
359231,Cliente_359231,8,CD_13,CD_05
927375,Cliente_927375,12,CD_17,CD_14
511619,Cliente_511619,22,CD_06,CD_02
219343,Cliente_219343,4,CD_09,CD_04
639157,Cliente_639157,22,CD_20,CD_19
366462,Cliente_366462,11,CD_03,CD_15
934424,Cliente_934424,14,CD_02,CD_14
771847,Cliente_771847,23,CD_08,CD_14
292041,Cliente_292041,11,CD_14,CD_17
939275,Cliente_939275,19,CD_02,CD_20
933569,Cliente_933569,28,CD_00,CD_04
524646,Cliente_524646,11,CD_09,CD_04
301584,Cliente_301584,9,CD_04,CD_06
51054,Cliente_51054,26,CD_13,CD_05
854050,Cliente_854050,15,CD_12,CD_09
142069,Cliente_142069,22,CD_13,CD_00
654331,Cliente_654331,4,CD_19,CD_03
98884,Cliente_98884,27,CD_00,CD_03
369596,Cliente_369596,3,CD_18,CD_16
974688,Cliente_974688,13,CD_04,CD_17
842719,Cliente_842719,6,CD_19,CD_07
365419,Cliente_365419,4,CD_16,CD_13
503213,Cliente_503213,26,CD_08,CD_12
644540,Cliente_644540,24,CD_11,CD_09
89315,Cliente_89315,9,CD_16,CD_10
833813,Cliente_833813,15,CD_06,CD_00
841406,Cliente_841406,15,CD_11,CD_20
860020,Cliente_860020,9,CD_01,CD_04
618828,Cliente_618828,20,CD_01,CD_08
11227,Cliente_11227,13,CD_09,CD_19
828820,Cliente_828820,12,CD_19,CD_11
29531,Cliente_29531,26,CD_03,CD_00
408615,Cliente_408615,27,CD_18,CD_12
128871,Cliente_128871,12,CD_13,CD_08
239339,Cliente_239339,10,CD_13,CD_18
755418,Cliente_755418,17,CD_13,CD_03
942312,Cliente_942312,20,CD_07,CD_03
977639,Cliente_977639,8,CD_19,CD_02
420553,Cliente_420553,27,CD_07,CD_01
939338,Cliente_939338,11,CD_20,CD_06
711439,Cliente_711439,3,CD_06,CD_19
553384,Cliente_553384,9,CD_19,CD_11
76532,Cliente_76532,9,CD_11,CD_15
174820,Cliente_174820,6,CD_10,CD_06
435352,Cliente_435352,20,CD_02,CD_04
141989,Cliente_141989,24,CD_20,CD_00
65336,Cliente_65336,9,CD_20,CD_01
30228,Cliente_30228,4,CD_06,CD_00
51191,Cliente_51191,20,CD_08,CD_03
237915,Cliente_237915,18,CD_16,CD_08
861464,Cliente_861464,25,CD_19,CD_04
361062,Cliente_361062,16,CD_19,CD_14
428813,Cliente_428813,27,CD_19,CD_10
342091,Cliente_342091,3,CD_11,CD_08
161526,Cliente_161526,15,CD_13,CD_09
584903,Cliente_584903,21,CD_18,CD_04
516105,Cliente_516105,26,CD_03,CD_17
959856,Cliente_959856,30,CD_06,CD_05
30995,Cliente_30995,17,CD_17,CD_01
224392,Cliente_224392,19,CD_12,CD_05
309339,Cliente_309339,1,CD_10,CD_16
174442,Cliente_174442,25,CD_11,CD_02
591840,Cliente_591840,21,CD_15,CD_14
918604,Cliente_918604,30,CD_03,CD_00
749021,Cliente_749021,21,CD_07,CD_01
177917,Cliente_177917,7,CD_08,CD_10
457158,Cliente_457158,24,CD_08,CD_19
261797,Cliente_261797,7,CD_20,CD_09
399050,Cliente_399050,26,CD_11,CD_02
397001,Cliente_397001,16,CD_01,CD_17
308240,Cliente_308240,6,CD_17,CD_06
565893,Cliente_565893,7,CD_20,CD_18
749628,Cliente_749628,6,CD_05,CD_16
576210,Cliente_576210,14,CD_10,CD_13
595497,Cliente_595497,19,CD_01,CD_14
816064,Cliente_816064,27,CD_09,CD_10
671789,Cliente_671789,10,CD_07,CD_09
671674,Cliente_671674,19,CD_19,CD_04
40666,Cliente_40666,11,CD_03,CD_17
340102,Cliente_340102,15,CD_05,CD_19
964025,Cliente_964025,14,CD_02,CD_00
708676,Cliente_708676,25,CD_12,CD_08
378190,Cliente_378190,12,CD_10,CD_05
456492,Cliente_456492,2,CD_13,CD_19
181017,Cliente_181017,28,CD_11,CD_14
659538,Cliente_659538,23,CD_08,CD_15
513745,Cliente_513745,9,CD_14,CD_17
14947,Cliente_14947,23,CD_01,CD_11
517992,Cliente_517992,23,CD_19,CD_15
622247,Cliente_622247,7,CD_09,CD_11
789067,Cliente_789067,16,CD_19,CD_06
541823,Cliente_541823,28,CD_03,CD_14
591329,Cliente_591329,27,CD_16,CD_08
549221,Cliente_549221,24,CD_17,CD_01
985481,Cliente_985481,20,CD_13,CD_02
776816,Cliente_776816,22,CD_00,CD_01
710467,Cliente_710467,18,CD_06,CD_10
667420,Cliente_667420,6,CD_14,CD_15
956444,Cliente_956444,15,CD_04,CD_07
331600,Cliente_331600,12,CD_20,CD_18
697987,Cliente_697987,27,CD_00,CD_11
306003,Cliente_306003,23,CD_00,CD_13
905952,Cliente_905952,5,CD_01,CD_02
623072,Cliente_623072,21,CD_06,CD_19
795983,Cliente_795983,12,CD_11,CD_07
70852,Cliente_70852,19,CD_06,CD_02
340895,Cliente_340895,3,CD_07,CD_18
895711,Cliente_895711,2,CD_08,CD_03
544144,Cliente_544144,18,CD_08,CD_06
541985,Cliente_541985,27,CD_11,CD_02
739603,Cliente_739603,15,CD_15,CD_04
636366,Cliente_636366,22,CD_08,CD_07
588814,Cliente_588814,18,CD_16,CD_00
445498,Cliente_445498,13,CD_15,CD_18
495317,Cliente_495317,23,CD_08,CD_10
968589,Cliente_968589,17,CD_20,CD_10
982513,Cliente_982513,27,CD_13,CD_02
319936,Cliente_319936,19,CD_14,CD_20
579100,Cliente_579100,5,CD_16,CD_06
410462,Cliente_410462,1,CD_04,CD_02
709507,Cliente_709507,22,CD_02,CD_05
994115,Cliente_994115,5,CD_05,CD_12
112770,Cliente_112770,27,CD_16,CD_00
978528,Cliente_978528,10,CD_10,CD_13
699499,Cliente_699499,3,CD_18,CD_01
75700,Cliente_75700,7,CD_01,CD_17
523583,Cliente_523583,21,CD_18,CD_09
599636,Cliente_599636,26,CD_01,CD_14
128966,Cliente_128966,15,CD_04,CD_08
35666,Cliente_35666,24,CD_10,CD_20
604163,Cliente_604163,18,CD_16,CD_12
944841,Cliente_944841,26,CD_10,CD_06
632565,Cliente_632565,12,CD_05,CD_08
498596,Cliente_498596,14,CD_19,CD_00
547526,Cliente_547526,22,CD_06,CD_13
345866,Cliente_345866,29,CD_13,CD_04
671848,Cliente_671848,16,CD_11,CD_18
457162,Cliente_457162,15,CD_09,CD_06
368664,Cliente_368664,20,CD_12,CD_10
475614,Cliente_475614,6,CD_15,CD_19
618013,Cliente_618013,5,CD_18,CD_17
537579,Cliente_537579,27,CD_16,CD_05
338247,Cliente_338247,11,CD_10,CD_15
241469,Cliente_241469,29,CD_04,CD_12
265650,Cliente_265650,21,CD_05,CD_07
467277,Cliente_467277,3,CD_12,CD_01
158210,Cliente_158210,9,CD_07,CD_15
587644,Cliente_587644,23,CD_09,CD_03
834343,Cliente_834343,27,CD_08,CD_14
956183,Cliente_956183,4,CD_03,CD_11
707032,Cliente_707032,20,CD_08,CD_13
96787,Cliente_96787,9,CD_11,CD_10
519001,Cliente_519001,30,CD_11,CD_14
94863,Cliente_94863,15,CD_15,CD_02
69686,Cliente_69686,10,CD_14,CD_01
354262,Cliente_354262,26,CD_01,CD_00
796615,Cliente_796615,7,CD_03,CD_10
980636,Cliente_980636,3,CD_04,CD_07
171820,Cliente_171820,13,CD_03,CD_20
708798,Cliente_708798,29,CD_03,CD_20
339088,Cliente_339088,4,CD_19,CD_12
382596,Cliente_382596,12,CD_16,CD_02
561448,Cliente_561448,12,CD_20,CD_11
221473,Cliente_221473,19,CD_20,CD_14
154611,Cliente_154611,16,CD_08,CD_18
643758,Cliente_643758,12,CD_01,CD_09
785081,Cliente_785081,20,CD_09,CD_00
472884,Cliente_472884,30,CD_16,CD_13
843405,Cliente_843405,28,CD_13,CD_01
627809,Cliente_627809,8,CD_14,CD_15
420775,Cliente_420775,19,CD_13,CD_09
184128,Cliente_184128,23,CD_06,CD_20
468924,Cliente_468924,6,CD_01,CD_14
301782,Cliente_301782,26,CD_04,CD_16
524643,Cliente_524643,5,CD_11,CD_10
35759,Cliente_35759,5,CD_16,CD_08
747078,Cliente_747078,20,CD_16,CD_13
795790,Cliente_795790,1,CD_19,CD_18
250322,Cliente_250322,24,CD_14,CD_13
662297,Cliente_662297,12,CD_05,CD_17
976757,Cliente_976757,23,CD_01,CD_18
93272,Cliente_93272,28,CD_05,CD_18
119135,Cliente_119135,11,CD_12,CD_08
133683,Cliente_133683,5,CD_07,CD_09
877765,Cliente_877765,6,CD_19,CD_16
464438,Cliente_464438,9,CD_14,CD_12
87769,Cliente_87769,19,CD_16,CD_14
583312,Cliente_583312,13,CD_08,CD_18
172562,Cliente_172562,21,CD_08,CD_16
11471,Cliente_11471,11,CD_06,CD_17
660138,Cliente_660138,23,CD_04,CD_12
915941,Cliente_915941,28,CD_11,CD_05
19739,Cliente_19739,11,CD_15,CD_18
648166,Cliente_648166,3,CD_05,CD_01
545441,Cliente_545441,3,CD_10,CD_04
27759,Cliente_27759,17,CD_18,CD_20
59993,Cliente_59993,30,CD_11,CD_13
567802,Cliente_567802,13,CD_17,CD_20
160496,Cliente_160496,6,CD_12,CD_05
644078,Cliente_644078,17,CD_02,CD_09
485719,Cliente_485719,3,CD_02,CD_00
123607,Cliente_123607,27,CD_11,CD_15
775224,Cliente_775224,13,CD_16,CD_12
19667,Cliente_19667,12,CD_18,CD_14
928355,Cliente_928355,25,CD_18,CD_11
309941,Cliente_309941,9,CD_10,CD_13
542843,Cliente_542843,26,CD_06,CD_11
965568,Cliente_965568,8,CD_05,CD_14
968759,Cliente_968759,11,CD_09,CD_18
721900,Cliente_721900,25,CD_15,CD_17
173532,Cliente_173532,10,CD_05,CD_14
499488,Cliente_499488,14,CD_01,CD_09
204419,Cliente_204419,18,CD_14,CD_12
50997,Cliente_50997,23,CD_20,CD_06
32665,Cliente_32665,3,CD_18,CD_09
980985,Cliente_980985,9,CD_04,CD_01
493017,Cliente_493017,13,CD_16,CD_04
660905,Cliente_660905,22,CD_17,CD_01
993171,Cliente_993171,19,CD_17,CD_06
147573,Cliente_147573,10,CD_10,CD_00
429289,Cliente_429289,30,CD_14,CD_12
878783,Cliente_878783,25,CD_19,CD_01
227417,Cliente_227417,14,CD_01,CD_13
141508,Cliente_141508,18,CD_20,CD_13
779520,Cliente_779520,20,CD_18,CD_15
590786,Cliente_590786,8,CD_15,CD_10
849240,Cliente_849240,18,CD_12,CD_09
307655,Cliente_307655,16,CD_03,CD_08
348281,Cliente_348281,22,CD_18,CD_10
719143,Cliente_719143,30,CD_14,CD_08
657806,Cliente_657806,9,CD_12,CD_18
783383,Cliente_783383,15,CD_06,CD_02
286393,Cliente_286393,17,CD_02,CD_04
726124,Cliente_726124,5,CD_00,CD_13
180028,Cliente_180028,10,CD_02,CD_20
201445,Cliente_201445,1,CD_10,CD_09
787007,Cliente_787007,21,CD_03,CD_07
607144,Cliente_607144,29,CD_03,CD_07
17533,Cliente_17533,23,CD_10,CD_01
141814,Cliente_141814,24,CD_16,CD_09
326172,Cliente_326172,13,CD_20,CD_11
11559,Cliente_11559,2,CD_00,CD_01
951992,Cliente_951992,12,CD_01,CD_00
163631,Cliente_163631,28,CD_12,CD_11
266794,Cliente_266794,15,CD_15,CD_09
419867,Cliente_419867,25,CD_15,CD_18
694213,Cliente_694213,10,CD_03,CD_08
176915,Cliente_176915,10,CD_13,CD_10
913365,Cliente_913365,13,CD_10,CD_14
544280,Cliente_544280,19,CD_13,CD_17
189216,Cliente_189216,2,CD_07,CD_19
542148,Cliente_542148,11,CD_12,CD_20
955686,Cliente_955686,2,CD_05,CD_02
21454,Cliente_21454,29,CD_20,CD_10
354403,Cliente_354403,26,CD_12,CD_14
651589,Cliente_651589,22,CD_18,CD_10
568649,Cliente_568649,12,CD_12,CD_04
865695,Cliente_865695,4,CD_18,CD_03
652518,Cliente_652518,19,CD_19,CD_03
307511,Cliente_307511,24,CD_04,CD_09
104688,Cliente_104688,30,CD_12,CD_02
215233,Cliente_215233,9,CD_00,CD_14
683130,Cliente_683130,19,CD_05,CD_11
105620,Cliente_105620,28,CD_17,CD_12
145095,Cliente_145095,17,CD_08,CD_15
596207,Cliente_596207,23,CD_03,CD_09
164572,Cliente_164572,12,CD_08,CD_09
965763,Cliente_965763,27,CD_04,CD_11
285799,Cliente_285799,5,CD_14,CD_07
109415,Cliente_109415,19,CD_03,CD_00
685048,Cliente_685048,29,CD_13,CD_16
931117,Cliente_931117,18,CD_11,CD_16
210235,Cliente_210235,30,CD_11,CD_19
752281,Cliente_752281,30,CD_16,CD_13
568577,Cliente_568577,8,CD_06,CD_19
983764,Cliente_983764,21,CD_11,CD_09
379162,Cliente_379162,10,CD_04,CD_09
956967,Cliente_956967,18,CD_13,CD_19
941721,Cliente_941721,4,CD_15,CD_05
840445,Cliente_840445,29,CD_14,CD_06
52881,Cliente_52881,2,CD_12,CD_18
620068,Cliente_620068,12,CD_01,CD_15
56474,Cliente_56474,19,CD_04,CD_00
771980,Cliente_771980,19,CD_12,CD_17
215372,Cliente_215372,8,CD_09,CD_14
776646,Cliente_776646,22,CD_07,CD_10
670849,Cliente_670849,22,CD_18,CD_16
277701,Cliente_277701,23,CD_11,CD_17
566871,Cliente_566871,20,CD_19,CD_13
639584,Cliente_639584,4,CD_16,CD_06
473004,Cliente_473004,7,CD_01,CD_14
651533,Cliente_651533,13,CD_05,CD_02
281696,Cliente_281696,25,CD_17,CD_11
126567,Cliente_126567,12,CD_07,CD_16
114901,Cliente_114901,4,CD_16,CD_12
692777,Cliente_692777,19,CD_11,CD_14
397063,Cliente_397063,16,CD_08,CD_07
752790,Cliente_752790,23,CD_17,CD_18
160776,Cliente_160776,24,CD_08,CD_16
272351,Cliente_272351,29,CD_09,CD_01
551070,Cliente_551070,6,CD_04,CD_19
388109,Cliente_388109,23,CD_16,CD_00
904649,Cliente_904649,17,CD_19,CD_11
355589,Cliente_355589,22,CD_17,CD_07
517601,Cliente_517601,1,CD_16,CD_13
211813,Cliente_211813,1,CD_16,CD_18
134554,Cliente_134554,14,CD_00,CD_19
940933,Cliente_940933,15,CD_18,CD_16
94465,Cliente_94465,15,CD_18,CD_01
401528,Cliente_401528,16,CD_00,CD_15
463997,Cliente_463997,4,CD_02,CD_08
504201,Cliente_504201,22,CD_12,CD_19
761425,Cliente_761425,15,CD_09,CD_02
667968,Cliente_667968,24,CD_05,CD_11
828054,Cliente_828054,7,CD_09,CD_00
743837,Cliente_743837,10,CD_15,CD_17
986819,Cliente_986819,14,CD_20,CD_04
32525,Cliente_32525,18,CD_20,CD_16
583474,Cliente_583474,6,CD_03,CD_19
481103,Cliente_481103,20,CD_09,CD_14
890572,Cliente_890572,2,CD_06,CD_08
878116,Cliente_878116,10,CD_01,CD_03
655992,Cliente_655992,1,CD_16,CD_07
506595,Cliente_506595,28,CD_01,CD_15
235468,Cliente_235468,8,CD_04,CD_08
66338,Cliente_66338,26,CD_20,CD_18
759944,Cliente_759944,29,CD_12,CD_17
517405,Cliente_517405,5,CD_16,CD_12
522599,Cliente_522599,19,CD_11,CD_12
907803,Cliente_907803,13,CD_15,CD_18
775627,Cliente_775627,13,CD_15,CD_01
504044,Cliente_504044,26,CD_14,CD_11
326467,Cliente_326467,7,CD_05,CD_03
743660,Cliente_743660,6,CD_17,CD_03
747399,Cliente_747399,7,CD_08,CD_15
124607,Cliente_124607,2,CD_02,CD_11
110712,Cliente_110712,11,CD_20,CD_19
655509,Cliente_655509,28,CD_18,CD_13
997027,Cliente_997027,7,CD_09,CD_14
771173,Cliente_771173,29,CD_14,CD_06
219004,Cliente_219004,28,CD_12,CD_11
735283,Cliente_735283,4,CD_17,CD_20
910693,Cliente_910693,6,CD_03,CD_04
401483,Cliente_401483,2,CD_09,CD_12
230182,Cliente_230182,26,CD_16,CD_08
763332,Cliente_763332,30,CD_18,CD_03
476034,Cliente_476034,16,CD_16,CD_07
75330,Cliente_75330,18,CD_20,CD_05
231672,Cliente_231672,8,CD_15,CD_00
602613,Cliente_602613,26,CD_04,CD_07
766407,Cliente_766407,8,CD_14,CD_08
562363,Cliente_562363,13,CD_19,CD_00
532611,Cliente_532611,17,CD_19,CD_20
389618,Cliente_389618,25,CD_04,CD_12
715875,Cliente_715875,15,CD_14,CD_13
261754,Cliente_261754,4,CD_05,CD_09
994370,Cliente_994370,24,CD_09,CD_13
639414,Cliente_639414,18,CD_03,CD_00
363744,Cliente_363744,19,CD_17,CD_15
761756,Cliente_761756,5,CD_00,CD_18
667721,Cliente_667721,22,CD_14,CD_03
392934,Cliente_392934,23,CD_07,CD_06
922520,Cliente_922520,2,CD_17,CD_12
163727,Cliente_163727,26,CD_07,CD_18
989750,Cliente_989750,18,CD_15,CD_05
501334,Cliente_501334,21,CD_02,CD_16
830359,Cliente_830359,20,CD_13,CD_20
826797,Cliente_826797,19,CD_10,CD_20
726961,Cliente_726961,23,CD_09,CD_13
344770,Cliente_344770,28,CD_04,CD_14
102563,Cliente_102563,21,CD_08,CD_11
54282,Cliente_54282,6,CD_16,CD_12
854295,Cliente_854295,9,CD_13,CD_20
927202,Cliente_927202,19,CD_12,CD_02
559277,Cliente_559277,19,CD_19,CD_12
253305,Cliente_253305,10,CD_08,CD_13
922292,Cliente_922292,27,CD_01,CD_10
871375,Cliente_871375,28,CD_04,CD_08
490158,Cliente_490158,16,CD_17,CD_11
498681,Cliente_498681,4,CD_00,CD_17
839376,Cliente_839376,11,CD_03,CD_02
475163,Cliente_475163,6,CD_17,CD_03
865535,Cliente_865535,25,CD_14,CD_00
369964,Cliente_369964,12,CD_15,CD_04
573011,Cliente_573011,8,CD_16,CD_04
105333,Cliente_105333,25,CD_03,CD_08
919447,Cliente_919447,8,CD_12,CD_13
947858,Cliente_947858,8,CD_14,CD_05
355398,Cliente_355398,21,CD_05,CD_16
207174,Cliente_207174,4,CD_06,CD_09
472099,Cliente_472099,21,CD_20,CD_00
114386,Cliente_114386,14,CD_08,CD_02
968068,Cliente_968068,27,CD_12,CD_11
758063,Cliente_758063,24,CD_10,CD_11
289125,Cliente_289125,28,CD_05,CD_02
187310,Cliente_187310,18,CD_10,CD_20
712913,Cliente_712913,29,CD_14,CD_04
807922,Cliente_807922,6,CD_12,CD_14
464853,Cliente_464853,21,CD_02,CD_11
392000,Cliente_392000,20,CD_01,CD_16
274582,Cliente_274582,22,CD_16,CD_03
